Week Ending,Year,This Week Gross,Potential Gross,Avg Ticket,Top Ticket,Seats Sold,Seats in Theatre,% Cap This Week
2025-05-04,2025,2232068.0,,144.86,352.0,154,81.0,100.0
2025-04-27,2025,2577767.0,,167.3,352.0,154,81.0,100.0
2025-04-20,2025,3333277.0,,192.3,352.0,173,341.0,100.0
2025-04-13,2025,2462861.0,,159.84,352.0,154,81.0,100.0
2025-04-06,2025,2476681.0,,160.74,352.0,154,81.0,100.0
2025-03-30,2025,2561828.0,,166.27,352.0,154,81.0,100.0
2025-03-23,2025,2545281.0,,165.19,352.0,154,81.0,100.0
2025-03-16,2025,2490180.0,,161.62,352.0,154,81.0,100.0
2025-03-09,2025,2435631.0,,158.08,352.0,154,81.0,100.0
2025-03-02,2025,2368448.0,,153.72,352.0,154,81.0,100.0
2025-02-23,2025,2561492.0,,166.24,375.0,154,81.0,100.0
2025-02-16,2025,2628457.0,,170.59,375.0,154,81.0,100.0
2025-02-09,2025,2324693.0,,150.88,375.0,154,81.0,100.0
2025-02-02,2025,2319734.5,,150.55,375.0,154,81.0,100.0
2025-01-26,2025,2415881.0,,156.79,375.0,154,81.0,100.0
2025-01-19,2025,2602661.0,,168.92,375.0,154,81.0,100.0
2025-01-12,2025,2425656.0,,157.43,375.0,154,81.0,100.0
2025-01-05,2025,3294179.0,,213.8,375.0,154,81.0,100.0
2024-12-29,2024,5037392.0,,290.61,505.0,173,341.0,100.0
2024-12-22,2024,3024095.0,,196.27,350.0,154,81.0,100.0
2024-12-15,2024,2878086.0,,186.79,350.0,154,81.0,100.0
2024-12-08,2024,2782795.0,,180.61,350.0,154,81.0,100.0
2024-12-01,2024,2930221.0,,190.18,350.0,154,81.0,100.0
2024-11-24,2024,2560160.0,,166.16,350.0,154,81.0,100.0
2024-11-17,2024,2445380.0,,158.71,275.0,154,81.0,100.0
2024-11-10,2024,2451246.0,,159.09,275.0,154,81.0,100.0
2024-11-03,2024,2279448.25,,148.23,275.0,153,781.0,99.81
2024-10-27,2024,2217313.0,,144.29,275.0,153,671.0,99.73
2024-10-20,2024,2231866.0,,144.85,275.0,154,81.0,100.0
2024-10-13,2024,2486411.25,,162.13,275.0,153,361.0,99.53
2024-10-06,2024,2046098.25,,142.14,275.0,143,951.0,99.58
2024-09-29,2024,1784757.5,,134.38,275.0,132,811.0,91.87
2024-09-22,2024,1636895.0,,133.77,275.0,122,371.0,84.65
2024-09-15,2024,1831493.5,,121.48,275.0,150,761.0,97.85
2024-09-08,2024,1755476.5,,118.69,275.0,147,901.0,99.05
2024-09-01,2024,2181880.0,,146.08,275.0,149,361.0,96.94
2024-08-25,2024,1978104.0,,134.2,275.0,147,401.0,98.71
2024-08-18,2024,1981378.0,,142.35,275.0,139,191.0,96.29
2024-08-11,2024,2226851.0,,146.52,275.0,151,981.0,98.64
2024-08-04,2024,2191994.0,,145.87,275.0,150,271.0,97.53
2024-07-28,2024,2266369.0,,147.72,275.0,153,421.0,99.57
2024-07-21,2024,2158363.0,,145.41,275.0,148,431.0,99.4
2024-07-14,2024,2103272.0,,144.27,275.0,145,791.0,97.64
2024-07-07,2024,2187828.0,,145.34,275.0,150,531.0,97.7
2024-06-30,2024,2143556.0,,142.61,275.0,150,311.0,97.55
2024-06-23,2024,2222692.0,,145.54,275.0,152,721.0,99.12
2024-06-16,2024,2071557.0,,137.98,275.0,150,141.0,97.44
2024-06-09,2024,2077910.0,,137.84,275.0,150,751.0,97.84
2024-06-02,2024,1981260.0,,134.26,275.0,147,571.0,98.83
2024-05-26,2024,2003492.0,,134.35,275.0,149,121.0,99.87
2024-05-19,2024,1847043.0,,131.43,275.0,140,531.0,97.21
2024-05-12,2024,1721354.0,,127.39,275.0,135,121.0,93.47
2024-05-05,2024,1586005.0,,123.02,275.0,128,921.0,89.18
2024-04-28,2024,1926859.0,,129.36,275.0,148,951.0,99.75
2024-04-21,2024,1966132.0,,131.43,275.0,149,591.0,97.09
2024-04-14,2024,1957361.0,,129.62,275.0,151,11.0,98.01
2024-04-07,2024,2400463.0,,155.79,275.0,154,81.0,100.0
2024-03-31,2024,2910585.0,,167.91,275.0,173,341.0,100.0
2024-03-24,2024,2043444.25,,133.81,275.0,152,711.0,99.11
2024-03-17,2024,2105229.0,,136.68,275.0,154,31.0,99.97
2024-03-10,2024,1836268.0,,125.96,275.0,145,781.0,97.63
2024-03-03,2024,1603874.25,,118.58,275.0,135,261.0,93.57
2024-02-25,2024,2017689.75,,133.07,275.0,151,631.0,98.41
2024-02-18,2024,1933993.25,,132.47,275.0,146,1.0,97.78
2024-02-11,2024,1303287.75,,113.14,275.0,115,191.0,79.68
2024-02-04,2024,1602195.0,,108.29,275.0,147,961.0,99.09
2024-01-28,2024,1634333.5,,112.34,275.0,145,481.0,97.43
2024-01-21,2024,1695760.0,,118.94,275.0,142,571.0,98.62
2024-01-14,2024,1757766.0,,131.05,275.0,134,131.0,92.79
2024-01-07,2024,2124815.0,,139.99,275.0,151,781.0,98.51
2023-12-31,2023,4003233.0,,231.01,275.0,173,291.0,99.97
2023-12-24,2023,2525966.0,,164.13,275.0,153,901.0,99.88
2023-12-17,2023,2309240.0,,149.92,275.0,154,31.0,99.97
2023-12-10,2023,2263703.0,,147.44,275.0,153,531.0,99.64
2023-12-03,2023,2109634.0,,146.69,275.0,143,821.0,99.49
2023-11-26,2023,2573538.0,,172.27,275.0,149,391.0,96.96
2023-11-19,2023,1780950.0,,132.65,275.0,134,261.0,92.87
2023-11-12,2023,1864500.0,,132.03,275.0,141,221.0,97.69
2023-11-05,2023,1834506.0,,134.18,275.0,136,721.0,94.58
2023-10-29,2023,1922483.0,,137.09,275.0,140,231.0,97.0
2023-10-22,2023,1809977.0,,124.83,275.0,144,991.0,97.1
2023-10-15,2023,1906835.0,,127.35,275.0,149,731.0,97.18
2023-10-08,2023,1926142.0,,135.58,275.0,142,71.0,98.28
2023-10-01,2023,1420368.0,,120.2,275.0,118,171.0,81.74
2023-09-24,2023,1321960.0,,118.82,275.0,111,261.0,76.96
2023-09-17,2023,1526289.0,,107.59,275.0,141,861.0,98.13
2023-09-10,2023,1487873.0,,107.2,275.0,138,791.0,96.01
2023-09-03,2023,1697026.5,,125.16,275.0,135,591.0,93.79
2023-08-27,2023,1514362.0,,121.39,275.0,124,751.0,86.3
2023-08-20,2023,1559480.0,,125.43,275.0,124,331.0,86.01
2023-08-13,2023,1808293.0,,130.32,275.0,138,761.0,95.99
2023-08-06,2023,1910102.0,,130.96,275.0,145,851.0,97.68
2023-07-30,2023,2139425.0,,130.05,275.0,164,511.0,98.28
2023-07-23,2023,1916041.0,,131.65,275.0,145,541.0,97.47
2023-07-16,2023,1802596.0,,130.33,275.0,138,311.0,95.68
2023-07-09,2023,1967790.0,,132.37,275.0,148,661.0,99.56
2023-07-02,2023,1880218.0,,130.76,275.0,143,791.0,99.47
2023-06-25,2023,1993797.0,,130.98,275.0,152,221.0,98.79
2023-06-18,2023,1985112.0,,130.16,275.0,152,511.0,98.98
2023-06-11,2023,1954264.0,,128.82,275.0,151,701.0,98.46
2023-06-04,2023,1873517.0,,126.9,275.0,147,641.0,98.87
2023-05-28,2023,1825756.0,,123.79,275.0,147,491.0,98.77
2023-05-21,2023,1678944.0,,120.92,275.0,138,851.0,96.05
2023-05-14,2023,1500186.0,,119.64,275.0,125,391.0,86.74
2023-05-07,2023,1484958.0,,119.0,275.0,124,791.0,86.32
2023-04-30,2023,1652822.0,,120.45,275.0,137,221.0,94.92
2023-04-23,2023,1732716.0,,123.03,275.0,140,841.0,97.43
2023-04-16,2023,2251012.0,,147.53,275.0,152,581.0,99.03
2023-04-09,2023,2751659.0,,158.81,275.0,173,271.0,99.96
2023-04-02,2023,2001359.0,,130.42,275.0,153,461.0,99.6
2023-03-26,2023,1878920.0,,126.5,275.0,148,531.0,99.47
2023-03-19,2023,2038192.0,,132.5,275.0,153,831.0,99.84
2023-03-12,2023,1689369.0,,114.98,275.0,146,931.0,98.4
2023-03-05,2023,1388296.0,,108.26,275.0,128,241.0,88.71
2023-02-26,2023,1781581.0,,121.75,275.0,146,331.0,98.0
2023-02-19,2023,1791292.0,,128.68,275.0,139,211.0,96.3
2023-02-12,2023,1466259.5,,99.02,275.0,148,81.0,99.17
2023-02-05,2023,1492754.5,,104.73,275.0,142,541.0,98.6
2023-01-29,2023,1549246.5,,109.09,275.0,142,11.0,98.24
2023-01-22,2023,1657436.5,,114.37,275.0,144,921.0,97.05
2023-01-15,2023,1667292.0,,121.21,275.0,137,551.0,95.15
2023-01-08,2023,1982764.0,,129.6,275.0,152,991.0,99.29
2023-01-01,2023,3152679.0,,181.88,275.0,173,341.0,100.0
2022-12-25,2022,2362930.0,,156.28,275.0,151,201.0,98.13
2022-12-18,2022,2159025.0,,141.44,275.0,152,651.0,99.07
2022-12-11,2022,2083245.0,,136.72,275.0,152,371.0,98.89
2022-12-04,2022,1824793.0,,132.01,250.0,138,231.0,95.62
2022-11-27,2022,2320543.0,,157.39,275.0,147,441.0,98.74
2022-11-20,2022,1619326.0,,121.18,250.0,133,631.0,92.44
2022-11-13,2022,1704565.0,,120.94,250.0,140,941.0,97.5
2022-11-06,2022,1413132.0,,110.97,250.0,127,341.0,88.09
2022-10-30,2022,1346056.0,,109.17,250.0,123,301.0,85.29
2022-10-23,2022,1610381.0,,117.45,250.0,137,111.0,94.85
2022-10-16,2022,1726236.0,,119.02,250.0,145,41.0,97.13
2022-10-09,2022,1839357.0,,128.84,250.0,142,761.0,98.75
2022-10-02,2022,1328656.0,,109.59,250.0,121,241.0,83.87
2022-09-25,2022,1496980.5,,106.3,250.0,140,831.0,97.42
2022-09-18,2022,1414987.5,,106.0,250.0,133,491.0,92.34
2022-09-11,2022,1360100.0,,103.67,250.0,131,191.0,90.75
2022-09-04,2022,1534385.0,,121.53,250.0,126,261.0,87.34
2022-08-28,2022,1353948.0,,115.82,250.0,116,901.0,80.87
2022-08-21,2022,1590189.0,,125.27,250.0,126,941.0,87.81
2022-08-14,2022,1562630.0,,128.17,260.0,121,921.0,84.34
2022-08-07,2022,1705618.0,,130.71,260.0,130,491.0,90.27
2022-07-31,2022,1936020.0,,132.16,260.0,146,491.0,90.08
2022-07-24,2022,1846484.0,,133.16,260.0,138,671.0,95.93
2022-07-17,2022,1767432.0,,132.1,260.0,133,791.0,92.55
2022-07-10,2022,1595480.0,,129.93,260.0,122,801.0,84.95
2022-07-03,2022,1826026.0,,131.14,260.0,139,241.0,96.32
2022-06-26,2022,1968156.0,,133.87,260.0,147,21.0,98.46
2022-06-19,2022,1894999.0,,130.4,260.0,145,321.0,97.32
2022-06-12,2022,1861096.0,,130.39,260.0,142,731.0,98.73
2022-06-05,2022,1691594.0,,125.53,260.0,134,761.0,93.22
2022-05-29,2022,1780207.0,,130.3,260.0,136,621.0,94.51
2022-05-22,2022,1572052.0,,123.26,230.0,127,541.0,88.23
2022-05-15,2022,1361373.0,,123.31,230.0,110,401.0,76.37
2022-05-08,2022,1341127.0,,119.06,230.0,112,641.0,77.92
2022-05-01,2022,1196763.0,,112.81,230.0,106,91.0,73.39
2022-04-24,2022,1908644.0,,136.74,230.0,139,581.0,96.56
2022-04-17,2022,2314088.0,,145.1,242.0,159,481.0,98.06
2022-04-10,2022,1866191.0,,131.14,242.0,142,301.0,98.44
2022-04-03,2022,1739736.0,,124.72,242.0,139,491.0,96.49
2022-03-27,2022,1855219.0,,126.72,242.0,146,401.0,98.04
2022-03-20,2022,1944704.0,,130.51,242.0,149,11.0,99.79
2022-03-13,2022,1504749.0,,111.50,,134,951.0,93.35
2022-03-06,2022,1132287.0,,107.04,,105,781.0,83.63
2022-02-27,2022,1586470.0,,116.5,,136,181.0,94.2
2022-02-20,2022,1498822.0,,121.47,,123,391.0,97.55
2022-02-13,2022,1272705.0,,102.66,,123,971.0,98.01
2022-02-06,2022,1136319.5,,99.79,,113,871.0,90.02
2022-01-30,2022,910556.5,,93.83,,97,41.0,76.72
2022-01-23,2022,1030380.5,,98.86,,104,231.0,82.4
2022-01-16,2022,1088026.0,,111.87,,97,261.0,67.28
2022-01-09,2022,1123096.0,,114.37,,98,201.0,67.93
2022-01-02,2022,2780165.0,,166.51,,166,971.0,96.33
2021-12-26,2021,2564850.0,,167.12,,153,471.0,99.6
2021-12-19,2021,2156392.0,,141.72,,152,161.0,98.75
2021-12-12,2021,2112165.0,,140.45,,150,391.0,97.61
2021-12-05,2021,1123827.0,,131.58,,85,411.0,94.53
2021-11-28,2021,2371988.0,,154.12,,153,911.0,99.89
2021-11-21,2021,1630228.0,,122.14,,133,471.0,92.33
2021-11-14,2021,1746888.0,,122.21,,142,941.0,98.88
2021-11-07,2021,1666845.0,,119.43,,139,571.0,96.55
2021-10-31,2021,1479824.0,,119.53,,123,801.0,85.64
2021-10-24,2021,1763791.0,,123.8,,142,471.0,98.55
2021-10-17,2021,1920067.0,,126.94,,151,261.0,98.17
2021-10-10,2021,2085152.0,,135.63,,153,741.0,99.78
2021-10-03,2021,1650078.0,,129.98,,126,951.0,97.61
2021-09-26,2021,1775297.0,,131.7,,134,801.0,99.99
2021-09-19,2021,1858965.0,,137.88,,134,821.0,100.0
2020-03-08,2020,1254306.0,1779845.0,96.63,250.0,129,811.0,89.8
2020-03-01,2020,1202089.5,1779845.0,96.33,250.0,124,791.0,86.32
2020-02-23,2020,1602999.0,1779845.0,110.67,250.0,144,851.0,97.01
2020-02-16,2020,1528895.0,1779845.0,111.41,250.0,137,231.0,94.93
2020-02-09,2020,1410131.5,1779845.0,94.23,250.0,149,641.0,97.12
2020-02-02,2020,1301830.0,1779845.0,90.42,250.0,143,971.0,99.59
2020-01-26,2020,1469430.5,1779845.0,102.79,220.0,142,961.0,98.89
2020-01-19,2020,1472994.0,1779845.0,108.27,230.0,136,51.0,94.11
2020-01-12,2020,1337825.0,1779845.0,100.69,240.0,132,871.0,91.91
2020-01-05,2020,2200110.0,1779845.0,143.25,240.0,153,581.0,99.68
2019-12-29,2019,3217944.0,2002325.0,185.64,240.0,173,341.0,100.0
2019-12-22,2019,2401820.0,1779845.0,155.88,240.0,154,81.0,100.0
2019-12-15,2019,2022209.0,1779845.0,133.94,240.0,150,981.0,97.99
2019-12-08,2019,1929278.0,1779845.0,132.85,240.0,145,221.0,97.25
2019-12-01,2019,2200777.0,1779845.0,153.01,240.0,143,831.0,99.5
2019-11-24,2019,1585415.0,1779845.0,117.0,240.0,135,501.0,93.73
2019-11-17,2019,1324358.5,1779845.0,110.37,240.0,119,991.0,83.0
2019-11-10,2019,1612019.5,1779845.0,114.37,240.0,140,951.0,97.5
2019-11-03,2019,1441623.5,1779845.0,106.87,240.0,134,901.0,93.32
2019-10-27,2019,1486184.5,1779845.0,107.52,240.0,138,231.0,95.62
2019-10-20,2019,1677867.0,1779845.0,117.32,240.0,143,21.0,98.93
2019-10-13,2019,1839657.0,1779845.0,121.84,240.0,150,991.0,97.99
2019-10-06,2019,1307871.0,1779845.0,108.53,240.0,120,511.0,83.36
2019-09-29,2019,1376195.0,1779845.0,109.19,240.0,126,41.0,87.19
2019-09-22,2019,1308200.0,1779845.0,110.54,240.0,118,351.0,81.87
2019-09-15,2019,1451091.5,1779845.0,99.74,240.0,145,491.0,97.44
2019-09-01,2019,1511003.0,1779845.0,116.07,240.0,130,181.0,90.05
2019-08-25,2019,1398360.5,1779845.0,117.96,240.0,118,551.0,82.01
2019-08-18,2019,1598241.0,1779845.0,123.22,240.0,129,711.0,89.73
2019-08-11,2019,1766537.0,1779845.0,124.98,240.0,141,351.0,97.78
2019-08-04,2019,1839043.0,1779845.0,127.92,240.0,143,771.0,99.45
2019-07-28,2019,2076615.0,2002325.5,127.13,240.0,163,341.0,97.58
2019-07-21,2019,1917793.0,1779845.0,126.26,240.0,151,891.0,98.58
2019-07-14,2019,1574763.0,1557364.3,123.68,240.0,127,331.0,97.9
2019-07-07,2019,1917159.0,1779845.0,131.08,240.0,146,261.0,97.95
2019-06-30,2019,1884103.0,1779845.0,126.44,240.0,149,11.0,99.79
2019-06-23,2019,1992828.0,1779845.0,130.79,240.0,152,371.0,98.89
2019-06-16,2019,1924730.0,1779845.0,127.39,240.0,151,91.0,98.06
2019-06-09,2019,1960837.0,1779845.0,128.69,240.0,152,371.0,98.89
2019-06-02,2019,1818939.0,1779845.0,125.98,240.0,144,381.0,99.88
2019-05-26,2019,1751069.0,1779845.0,120.27,240.0,145,591.0,97.5
2019-05-19,2019,1660962.0,1779845.0,117.3,240.0,141,601.0,97.95
2019-05-12,2019,1588434.0,1779845.0,117.82,240.0,134,821.0,93.26
2019-05-05,2019,1610389.0,1779845.0,115.76,240.0,139,111.0,96.23
2019-04-28,2019,2001066.0,1779845.0,141.19,240.0,141,731.0,98.04
2019-04-21,2019,2633078.0,2002325.5,155.53,240.0,169,301.0,97.67
2019-04-14,2019,1756669.0,1779845.0,122.51,240.0,143,391.0,99.19
2019-04-07,2019,1833162.0,1779845.0,122.94,240.0,149,111.0,99.86
2019-03-31,2019,1925972.0,1779845.0,125.25,240.0,153,771.0,99.8
2019-03-24,2019,1937089.0,1779845.0,125.88,240.0,153,881.0,99.87
2019-03-17,2019,1836854.0,1779845.0,119.29,240.0,153,981.0,99.94
2019-03-10,2019,1555919.0,1779845.0,106.6,240.0,145,961.0,97.75
2019-03-03,2019,1350938.0,1779845.0,102.92,240.0,131,261.0,90.8
2019-02-24,2019,1609708.0,1779845.0,121.31,240.0,132,691.0,91.79
2019-02-17,2019,1644307.0,1779845.0,118.24,240.0,139,61.0,96.2
2019-02-10,2019,1445082.5,1779845.0,98.53,240.0,146,671.0,98.23
2019-02-03,2019,1363201.5,1779845.0,95.82,240.0,142,271.0,98.42
2019-01-27,2019,1532751.0,1779845.0,107.31,240.0,142,831.0,98.8
2019-01-20,2019,1478702.0,1779845.0,110.26,240.0,134,111.0,92.77
2019-01-13,2019,1403103.0,1779845.0,107.03,240.0,131,91.0,90.68
2019-01-06,2019,2040256.0,1779845.0,135.49,240.0,150,581.0,97.73
2018-12-30,2018,3411819.0,2002325.5,196.83,240.0,173,341.0,100.0
2018-12-23,2018,2264992.0,1779845.0,147.65,240.0,153,401.0,99.56
2018-12-16,2018,2045142.0,1779845.0,137.56,240.0,148,671.0,99.56
2018-12-09,2018,2000580.0,1779845.0,136.4,240.0,146,671.0,98.23
2018-12-02,2018,1874882.0,1779845.0,131.42,240.0,142,661.0,98.69
2018-11-25,2018,2478106.0,1779845.0,165.49,240.0,149,741.0,97.18
2018-11-18,2018,1527418.0,1779845.0,112.82,240.0,135,381.0,93.65
2018-11-11,2018,1770608.0,1779845.0,121.27,240.0,146,11.0,97.78
2018-11-04,2018,1676014.0,1779845.0,124.08,240.0,135,81.0,93.44
2018-10-28,2018,1545030.0,1779845.0,114.78,240.0,134,611.0,93.12
2018-10-21,2018,1704955.0,1779845.0,120.19,240.0,141,851.0,98.13
2018-10-14,2018,1649536.0,1779845.0,119.97,240.0,137,491.0,95.11
2018-10-07,2018,1773676.0,1779845.0,126.42,240.0,140,301.0,97.05
2018-09-30,2018,1335224.0,1779845.0,112.54,240.0,118,641.0,82.07
2018-09-23,2018,1311800.5,1779845.0,112.47,240.0,116,641.0,80.69
2018-09-16,2018,1460436.0,1779845.0,95.38,240.0,153,121.0,99.38
2018-09-09,2018,1406290.5,1779845.0,93.71,240.0,150,71.0,97.4
2018-09-02,2018,1539772.0,1779845.0,117.93,240.0,130,571.0,90.32
2018-08-26,2018,1467931.0,1779845.0,114.02,240.0,128,741.0,89.06
2018-08-19,2018,1760385.0,1779845.0,124.92,240.0,140,921.0,97.48
2018-08-12,2018,1899969.0,1779845.0,126.86,240.0,149,771.0,97.2
2018-08-05,2018,1921398.0,1779845.0,126.15,240.0,152,311.0,98.85
2018-07-29,2018,2199140.0,2002325.5,127.93,240.0,171,901.0,99.17
2018-07-22,2018,1958763.0,1779845.0,127.7,240.0,153,391.0,99.55
2018-07-15,2018,1864640.0,1779845.0,127.49,240.0,146,261.0,97.95
2018-07-08,2018,1981742.0,1779845.0,134.3,240.0,147,561.0,98.82
2018-07-01,2018,1963807.0,1779845.0,130.15,240.0,150,891.0,97.93
2018-06-24,2018,1982377.0,1779845.0,128.98,240.0,153,701.0,99.75
2018-06-17,2018,1945441.0,1779845.0,127.1,240.0,153,61.0,99.34
2018-06-10,2018,1923023.0,1779845.0,125.27,240.0,153,511.0,99.63
2018-06-03,2018,1854648.0,1779845.0,121.69,240.0,152,411.0,98.92
2018-05-27,2018,1805838.0,1779845.0,119.06,240.0,151,681.0,98.44
2018-05-20,2018,1749587.0,1779845.0,116.93,240.0,149,631.0,97.11
2018-05-13,2018,1541991.0,1779845.0,115.31,240.0,133,721.0,92.5
2018-05-06,2018,1493289.0,1779845.0,114.31,240.0,130,631.0,90.36
2018-04-29,2018,1651308.0,1779845.0,115.88,240.0,142,501.0,98.57
2018-04-22,2018,1798728.0,1779845.0,119.24,240.0,150,851.0,97.9
2018-04-15,2018,1744175.0,1779845.0,119.47,240.0,145,991.0,97.77
2018-04-08,2018,2390664.0,1779845.0,155.25,240.0,153,991.0,99.94
2018-04-01,2018,2723040.0,2002325.5,158.41,240.0,171,901.0,99.17
2018-03-25,2018,1815639.0,1779845.0,119.97,240.0,151,341.0,98.22
2018-03-18,2018,1877627.0,1779845.0,122.54,240.0,153,221.0,99.44
2018-03-11,2018,1572946.0,1779845.0,106.62,240.0,147,531.0,98.8
2018-03-04,2018,1375941.0,1779845.0,98.68,240.0,139,441.0,96.46
2018-02-25,2018,1744347.0,1779845.0,117.12,240.0,148,941.0,99.75
2018-02-18,2018,1818771.0,1779845.0,124.01,240.0,146,661.0,98.22
2018-02-11,2018,1311395.0,1779845.0,99.09,240.0,132,351.0,91.55
2018-02-04,2018,1369478.5,1779845.0,92.13,240.0,148,641.0,99.54
2018-01-28,2018,1497083.0,1779845.0,98.73,240.0,151,631.0,98.41
2018-01-21,2018,1583593.0,1779845.0,104.76,240.0,151,161.0,98.1
2018-01-14,2018,1646233.0,1779845.0,119.79,240.0,137,431.0,95.07
2018-01-07,2018,1926621.0,1779845.0,128.32,240.0,150,141.0,97.44
2017-12-31,2017,3301067.0,2002325.5,190.44,240.0,173,341.0,100.0
2017-12-24,2017,2220606.0,1779845.0,145.02,240.0,153,121.0,99.38
2017-12-17,2017,2000828.0,1779845.0,136.56,240.0,146,521.0,98.12
2017-12-10,2017,1894095.0,1779845.0,131.24,240.0,144,321.0,99.83
2017-12-03,2017,1825028.0,1779845.0,131.04,240.0,139,271.0,96.34
2017-11-26,2017,2401024.0,1779845.0,159.6,240.0,150,441.0,97.64
2017-11-19,2017,1464141.0,1779845.0,108.91,240.0,134,431.0,92.99
2017-11-12,2017,1629694.0,1779845.0,117.11,240.0,139,161.0,96.26
2017-11-05,2017,1514501.0,1779845.0,116.45,240.0,130,61.0,89.97
2017-10-29,2017,1524660.0,1779845.0,110.68,240.0,137,751.0,95.29
2017-10-22,2017,1695922.0,1779845.0,118.55,240.0,143,51.0,98.96
2017-10-15,2017,1767617.0,1779845.0,120.86,240.0,146,251.0,97.94
2017-10-08,2017,1869463.0,1779845.0,127.54,240.0,146,581.0,98.17
2017-10-01,2017,1419065.0,1779845.0,111.88,240.0,126,841.0,87.74
2017-09-24,2017,1408133.0,1779845.0,114.08,240.0,123,431.0,85.38
2017-09-17,2017,1492476.5,1779845.0,102.63,240.0,145,421.0,97.39
2017-09-10,2017,1420777.5,1779845.0,100.38,240.0,141,541.0,97.91
2017-09-03,2017,1674670.0,1779845.0,121.36,240.0,137,991.0,95.46
2017-08-27,2017,1608955.0,1779845.0,120.47,240.0,133,561.0,92.39
2017-08-20,2017,1792574.0,1779845.0,126.51,240.0,141,691.0,98.01
2017-08-13,2017,2066330.0,2002325.5,126.32,240.0,163,581.0,94.37
2017-08-06,2017,1952642.0,1779845.0,128.24,240.0,152,261.0,98.82
2017-07-30,2017,1996228.0,1779845.0,129.67,240.0,153,951.0,99.92
2017-07-23,2017,1948437.0,1779845.0,128.25,240.0,151,931.0,98.6
2017-07-16,2017,1900445.0,1779845.0,127.04,240.0,149,601.0,97.09
2017-07-09,2017,1920520.0,1779845.0,126.98,240.0,151,251.0,98.16
2017-07-02,2017,2000408.0,2002325.5,126.16,240.0,158,561.0,97.5
2017-06-25,2017,1975981.0,1779845.0,128.29,240.0,154,21.0,99.96
2017-06-18,2017,1959694.0,1779845.0,127.66,240.0,153,511.0,99.63
2017-06-11,2017,1929353.0,1779845.0,125.7,240.0,153,491.0,99.62
2017-06-04,2017,1862923.0,1779845.0,123.82,240.0,150,461.0,97.65
2017-05-28,2017,1803868.0,1779845.0,120.6,240.0,149,571.0,97.07
2017-05-21,2017,1730401.0,1779845.0,117.42,240.0,147,371.0,98.69
2017-05-14,2017,1641456.0,1779845.0,116.99,240.0,140,311.0,97.06
2017-05-07,2017,1539527.0,1779845.0,116.98,240.0,131,611.0,91.04
2017-04-30,2017,1591560.0,1779845.0,115.75,240.0,137,501.0,95.12
2017-04-23,2017,1972644.0,1779845.0,141.96,240.0,138,961.0,96.13
2017-04-16,2017,2554030.0,2002325.5,149.56,240.0,170,771.0,98.52
2017-04-09,2017,1898005.0,1779845.0,126.36,240.0,150,211.0,97.49
2017-04-02,2017,1875410.0,1779845.0,124.36,240.0,150,801.0,97.87
2017-03-26,2017,1838772.0,1779845.0,120.83,240.0,152,181.0,98.77
2017-03-19,2017,1913854.0,1779845.0,124.94,240.0,153,181.0,99.42
2017-03-12,2017,1697075.0,1779845.0,113.81,240.0,149,111.0,99.86
2017-03-05,2017,1515568.0,1779845.0,108.09,240.0,140,211.0,96.99
2017-02-26,2017,1764072.0,1779845.0,120.48,240.0,146,421.0,98.06
2017-02-19,2017,1807973.0,1779845.0,127.39,240.0,141,921.0,98.17
2017-02-12,2017,1306187.0,1779845.0,106.47,240.0,122,681.0,84.86
2017-02-05,2017,1464623.0,1779845.0,98.97,240.0,147,991.0,99.11
2017-01-29,2017,1511001.0,1779845.0,100.43,240.0,150,461.0,97.65
2017-01-22,2017,1609231.0,1779845.0,106.59,240.0,150,981.0,97.99
2017-01-15,2017,1668863.0,1779845.0,124.5,240.0,134,51.0,92.73
2017-01-08,2017,1845325.0,1779845.0,123.09,240.0,149,921.0,97.3
2017-01-01,2017,3162603.0,2002325.5,182.83,240.0,172,981.0,99.79
2016-12-25,2016,2245595.0,1779845.0,153.29,240.0,146,491.0,98.1
2016-12-18,2016,2092270.0,1779845.0,140.31,240.0,149,121.0,99.87
2016-12-11,2016,1909374.0,1779845.0,130.49,240.0,146,321.0,97.99
2016-12-04,2016,1736046.0,1779845.0,132.2,240.0,131,321.0,90.84
2016-11-27,2016,2286976.0,1779845.0,160.67,240.0,142,341.0,98.46
2016-11-20,2016,1481062.0,1779845.0,117.66,240.0,125,881.0,87.08
2016-11-13,2016,1752417.0,1779845.0,121.47,240.0,144,271.0,99.8
2016-11-06,2016,1435835.0,1779845.0,114.89,240.0,124,971.0,86.45
2016-10-30,2016,1456974.0,1779845.0,110.53,240.0,131,821.0,91.19
2016-10-23,2016,1682068.0,1779845.0,117.42,240.0,143,251.0,99.09
2016-10-16,2016,1653148.0,1779845.0,117.75,240.0,140,391.0,97.12
2016-10-09,2016,1719802.0,1779845.0,124.36,240.0,138,291.0,95.66
2016-10-02,2016,1368350.0,1779845.0,112.08,240.0,122,91.0,84.46
2016-09-25,2016,1285548.0,1779845.0,109.51,240.0,117,391.0,81.21
2016-09-18,2016,1500093.5,1779845.0,97.78,240.0,153,411.0,99.57
2016-09-11,2016,1393167.5,1779845.0,94.04,240.0,148,141.0,99.21
2016-09-04,2016,1408374.0,1779845.0,116.2,240.0,121,201.0,83.84
2016-08-28,2016,1458862.0,1779845.0,121.98,240.0,119,601.0,82.73
2016-08-21,2016,1575605.0,1779845.0,124.78,240.0,126,271.0,87.35
2016-08-14,2016,1779664.0,1779845.0,128.92,240.0,138,41.0,95.49
2016-08-07,2016,1927412.0,2002326.0,126.02,240.0,152,951.0,94.05
2016-07-31,2016,1899742.0,1779845.0,131.16,240.0,144,841.0,97.0
2016-07-24,2016,1896987.0,1779845.0,130.03,240.0,145,891.0,97.7
2016-07-17,2016,1780497.0,1779845.0,127.46,240.0,139,691.0,96.63
2016-07-10,2016,1758107.0,1779845.0,132.6,240.0,132,591.0,91.72
2016-07-03,2016,1863121.0,1779845.0,134.29,240.0,138,741.0,95.97
2016-06-26,2016,1969159.0,1779845.0,134.61,240.0,146,291.0,97.97
2016-06-19,2016,1818372.0,1779845.0,129.75,240.0,140,141.0,96.94
2016-06-12,2016,1859038.0,1779845.0,128.12,240.0,145,101.0,97.17
2016-06-05,2016,1684817.0,1779845.0,126.96,240.0,132,701.0,91.8
2016-05-29,2016,1744424.0,1779845.0,127.33,240.0,137,1.0,94.77
2016-05-22,2016,1673967.0,1779845.0,117.82,240.0,142,81.0,98.28
2016-05-15,2016,1478453.0,1779845.0,112.37,240.0,131,571.0,91.01
2016-05-08,2016,1474349.0,1779845.0,116.17,240.0,126,911.0,87.79
2016-05-01,2016,1625910.0,1779845.0,118.22,240.0,137,531.0,95.14
2016-04-24,2016,1660014.0,1779845.0,120.2,240.0,138,101.0,95.53
2016-04-17,2016,1612361.0,1779845.0,118.23,240.0,136,371.0,94.33
2016-04-10,2016,1676579.0,1779845.0,118.54,240.0,141,431.0,97.83
2016-04-03,2016,2215826.0,1779845.0,147.54,240.0,150,181.0,97.47
2016-03-27,2016,2532613.0,2002325.5,149.5,240.0,169,401.0,97.73
2016-03-20,2016,1934807.0,1779845.0,127.07,240.0,152,261.0,98.82
2016-03-13,2016,1662470.0,1779845.0,117.88,240.0,141,31.0,97.56
2016-03-06,2016,1337007.0,1779845.0,108.98,240.0,122,681.0,84.86
2016-02-28,2016,1295960.0,1779845.0,107.5,240.0,120,551.0,83.39
2016-02-21,2016,1747324.0,1779845.0,117.76,240.0,148,381.0,99.37
2016-02-14,2016,1695452.5,1779845.0,120.59,240.0,140,601.0,97.26
2016-02-07,2016,1429695.5,1779845.0,98.21,240.0,145,571.0,97.49
2016-01-31,2016,1469621.5,1779845.0,101.77,240.0,144,401.0,99.89
2016-01-24,2016,983150.0,1334883.7,94.76,240.0,103,751.0,95.69
2016-01-17,2016,1590318.0,1779845.0,118.4,240.0,134,321.0,92.92
2016-01-10,2016,1552322.0,1779845.0,118.29,240.0,131,231.0,90.78
2016-01-03,2016,2940096.0,2002326.0,171.75,240.0,171,191.0,98.76
2015-12-27,2015,2400920.0,1779845.0,162.25,240.0,147,981.0,99.1
2015-12-20,2015,1903218.0,1779845.0,134.06,240.0,141,971.0,98.21
2015-12-13,2015,1732290.0,1779845.0,124.38,240.0,139,271.0,96.34
2015-11-29,2015,2290873.0,2002326.0,151.72,240.0,150,991.0,92.84
2015-11-22,2015,1508157.0,1779845.0,116.63,240.0,129,311.0,89.45
2015-11-15,2015,1646787.0,1779845.0,115.06,240.0,143,121.0,99.0
2015-11-08,2015,1583873.0,1779845.0,116.98,240.0,135,401.0,93.66
2015-11-01,2015,1346650.0,1779845.0,109.24,240.0,123,271.0,85.27
2015-10-25,2015,1621057.0,1779845.0,116.96,240.0,138,601.0,95.88
2015-10-18,2015,1720707.0,1779845.0,117.65,240.0,146,261.0,96.41
2015-10-11,2015,1765268.0,1779845.0,123.62,240.0,142,801.0,98.78
2015-10-04,2015,1454570.0,1779845.0,112.16,240.0,129,691.0,89.71
2015-09-27,2015,1426156.0,1779845.0,109.01,240.0,130,831.0,90.5
2015-09-20,2015,1570535.0,1779845.0,103.0,240.0,152,481.0,98.96
2015-09-13,2015,1472236.0,1779845.0,101.05,240.0,145,701.0,94.56
2015-09-06,2015,1560536.0,1779845.0,120.79,240.0,129,201.0,89.37
2015-08-30,2015,1492152.0,1779845.0,120.98,240.0,123,341.0,85.32
2015-08-23,2015,1751974.0,1779845.0,125.93,240.0,139,121.0,93.17
2015-08-16,2015,1913037.0,1779845.0,128.87,240.0,148,451.0,97.1
2015-08-09,2015,1980056.0,1779845.0,131.38,240.0,150,711.0,97.81
2015-08-02,2015,2118401.0,2002326.0,130.97,240.0,161,751.0,93.95
2015-07-26,2015,2002632.0,1779845.0,131.74,240.0,152,11.0,98.66
2015-07-19,2015,2167815.0,2057460.0,128.92,240.0,168,151.0,97.67
2015-07-12,2015,1900091.0,1779845.0,129.0,240.0,147,291.0,96.34
2015-07-05,2015,1864235.0,1779845.0,126.54,240.0,147,321.0,96.36
2015-06-28,2015,2047143.0,1779845.0,134.9,240.0,151,751.0,98.49
2015-06-21,2015,1947674.0,1856005.0,127.04,240.0,153,311.0,99.5
2015-06-14,2015,1954144.0,1856005.0,127.46,240.0,153,321.0,99.51
2015-06-07,2015,1737141.0,1779845.0,122.09,240.0,142,281.0,98.42
2015-05-31,2015,1670922.0,1779845.0,120.82,240.0,138,301.0,95.67
2015-05-24,2015,1776153.0,1856005.0,117.2,240.0,151,551.0,98.36
2015-05-17,2015,1601725.0,1779845.0,114.75,225.0,139,591.0,96.56
2015-05-10,2015,1469322.0,1779845.0,112.45,225.0,130,671.0,90.39
2015-05-03,2015,1387456.0,1779845.0,110.89,225.0,125,121.0,86.6
2015-04-26,2015,1740459.0,1836965.0,117.15,225.0,148,571.0,96.42
2015-04-19,2015,1655749.0,1836965.0,117.72,225.0,140,651.0,92.73
2015-04-12,2015,2181861.0,2228550.0,148.65,225.0,146,781.0,96.01
2015-04-05,2015,2358372.0,2521845.0,148.73,225.0,158,571.0,91.48
2015-03-29,2015,1872149.0,1681127.0,128.19,225.0,146,41.0,94.78
2015-03-22,2015,1855247.0,1681127.0,121.94,225.0,152,141.0,98.74
2015-03-15,2015,1818766.0,1681127.0,121.06,225.0,150,241.0,97.51
2015-03-08,2015,1352213.0,1681127.0,108.55,300.0,124,571.0,86.08
2015-03-01,2015,1204467.0,1681127.0,101.17,300.0,119,51.0,82.26
2015-02-22,2015,1646631.0,1681127.0,111.48,300.0,147,711.0,96.52
2015-02-15,2015,1586692.0,1681127.0,126.1,300.0,125,831.0,86.95
2015-02-08,2015,1262017.0,1681127.0,102.89,300.0,122,661.0,84.76
2015-02-01,2015,1291035.0,1681127.0,100.63,300.0,128,291.0,88.65
2015-01-25,2015,1500725.0,1681127.0,105.42,300.0,142,361.0,98.37
2015-01-18,2015,1684664.0,1681127.0,117.73,300.0,143,101.0,98.88
2015-01-11,2015,1593224.0,1681127.0,117.23,300.0,135,911.0,93.91
2015-01-04,2015,2740642.0,1681127.0,177.93,300.0,154,31.0,99.86
2014-12-28,2014,2903309.0,1891268.0,178.59,300.0,162,571.0,99.85
2014-12-21,2014,1986719.0,1681127.0,139.09,300.0,142,841.0,98.7
2014-12-14,2014,1746037.0,1681127.0,128.82,300.0,135,541.0,93.66
2014-12-07,2014,1814918.0,1681127.0,130.06,300.0,139,541.0,96.42
2014-11-30,2014,2432132.0,1891268.0,154.78,300.0,157,141.0,96.52
2014-11-23,2014,1452509.0,1681127.0,114.64,300.0,126,701.0,87.55
2014-11-16,2014,1361772.0,1681127.0,110.87,300.0,122,831.0,84.87
2014-11-09,2014,1621169.0,1681127.0,119.87,300.0,135,241.0,93.45
2014-11-02,2014,1329813.0,1681127.0,109.93,300.0,120,971.0,83.59
2014-10-26,2014,1489079.0,1681127.0,112.32,300.0,132,581.0,91.61
2014-10-19,2014,1680849.0,1681127.0,116.4,300.0,144,401.0,99.78
2014-10-12,2014,1806175.0,1681127.0,122.74,300.0,147,151.0,96.15
2014-10-05,2014,1406222.0,1681127.0,106.25,300.0,132,351.0,91.45
2014-09-28,2014,1386090.0,1681127.0,107.26,300.0,129,231.0,89.3
2014-09-21,2014,1356354.0,1681127.0,106.85,300.0,126,941.0,87.71
2014-09-14,2014,1462840.0,1681127.0,101.93,300.0,143,521.0,99.17
2014-09-07,2014,1340668.0,1681127.0,99.26,300.0,135,71.0,93.33
2014-08-31,2014,1708228.0,1681127.0,124.44,300.0,137,271.0,94.85
2014-08-24,2014,1795268.0,1681127.0,127.53,300.0,140,771.0,97.27
2014-08-17,2014,2026702.0,1891268.0,128.51,300.0,157,711.0,94.11
2014-08-10,2014,2059477.0,1681127.0,133.73,300.0,154,1.0,99.84
2014-08-03,2014,2181109.0,1891268.0,130.25,300.0,167,461.0,97.21
2014-07-27,2014,2012891.0,1681127.0,130.51,0.0,154,231.0,99.99
2014-07-20,2014,1966367.0,1681127.0,127.89,300.0,153,751.0,99.68
2014-07-13,2014,1936778.0,1681127.0,129.0,300.0,150,141.0,97.34
2014-07-06,2014,1988092.0,1681127.0,129.21,300.0,153,871.0,99.76
2014-06-29,2014,2107598.0,1681127.0,137.27,300.0,153,541.0,99.55
2014-06-22,2014,2027347.0,1681127.0,131.44,300.0,154,241.0,100.0
2014-06-15,2014,1969827.0,1681127.0,128.99,300.0,152,711.0,99.01
2014-06-08,2014,1924272.0,1681127.0,126.64,300.0,151,951.0,98.52
2014-06-01,2014,1804729.0,1681127.0,123.02,300.0,146,701.0,96.61
2014-05-25,2014,1881975.0,1681127.0,122.88,300.0,153,161.0,99.3
2014-05-18,2014,1755218.0,1681127.0,116.73,300.0,150,361.0,97.48
2014-05-11,2014,1736317.0,1681127.0,118.03,300.0,147,111.0,96.88
2014-05-04,2014,1732110.0,1681127.0,116.17,300.0,149,101.0,97.43
2014-04-27,2014,2074749.0,1681127.0,144.89,300.0,143,201.0,98.95
2014-04-20,2014,2769554.0,1891268.0,159.61,300.0,173,521.0,100.0
2014-04-13,2014,1930362.0,1681127.0,126.37,300.0,152,751.0,99.03
2014-04-06,2014,1806067.0,1681127.0,121.2,300.0,149,11.0,98.14
2014-03-30,2014,1946536.0,1681127.0,126.21,300.0,154,231.0,99.99
2014-03-23,2014,1874352.0,1681127.0,122.36,300.0,153,181.0,99.31
2014-03-16,2014,1861649.0,1681127.0,126.76,300.0,146,861.0,97.49
2014-03-09,2014,1667093.0,1681127.0,112.78,300.0,147,821.0,97.35
2014-03-02,2014,1539830.0,1681127.0,101.06,300.0,152,371.0,98.79
2014-02-23,2014,1765925.0,1681127.0,116.63,300.0,151,411.0,99.72
2014-02-16,2014,1803846.0,1681127.0,130.62,300.0,138,101.0,95.43
2014-02-09,2014,1493721.0,1681127.0,106.76,300.0,139,921.0,96.68
2014-02-02,2014,1403247.0,1681127.0,101.61,300.0,138,101.0,95.43
2014-01-26,2014,1598920.0,1681127.0,106.28,300.0,150,441.0,98.3
2014-01-19,2014,1749967.0,1681127.0,122.61,300.0,142,731.0,98.62
2014-01-12,2014,1679996.0,1681127.0,115.38,300.0,145,611.0,97.39
2014-01-05,2014,2454630.0,1998424.0,159.14,300.0,154,241.0,100.0
2013-12-29,2013,3201333.0,2651487.0,184.49,300.0,173,521.0,100.0
2013-12-22,2013,2153098.0,1681127.0,148.63,300.0,144,861.0,96.88
2013-12-15,2013,1971945.0,1681127.0,131.39,300.0,150,81.0,98.84
2013-12-08,2013,2036322.0,1681127.0,133.43,300.0,152,611.0,99.72
2013-12-01,2013,2625327.0,1891268.0,157.41,300.0,166,781.0,98.15
2013-11-24,2013,1632849.0,1681127.0,121.41,300.0,134,491.0,92.93
2013-11-17,2013,1587882.0,1681127.0,116.07,300.0,136,811.0,94.53
2013-11-10,2013,1864819.0,1681127.0,122.89,300.0,151,751.0,99.94
2013-11-03,2013,1736957.0,1681127.0,120.02,300.0,144,721.0,100.0
2013-10-27,2013,1693555.0,1681127.0,118.28,300.0,143,181.0,98.94
2013-10-20,2013,1719816.0,1681127.0,120.64,300.0,142,561.0,98.51
2013-10-13,2013,1874654.0,1681127.0,129.91,300.0,144,301.0,99.71
2013-10-06,2013,1543608.0,1681127.0,115.82,300.0,133,281.0,92.1
2013-09-29,2013,1467774.0,1681127.0,113.58,300.0,129,231.0,89.3
2013-09-22,2013,1471059.0,1681127.0,113.27,300.0,129,871.0,89.74
2013-09-15,2013,1452909.0,1681127.0,103.82,300.0,139,951.0,96.7
2013-09-08,2013,1373885.0,1681127.0,103.0,300.0,133,391.0,92.17
2013-09-01,2013,1692789.0,1681127.0,128.54,300.0,131,691.0,91.0
2013-08-25,2013,1708781.0,1681127.0,129.23,300.0,132,231.0,91.37
2013-08-18,2013,1871050.0,1681127.0,134.8,300.0,138,801.0,95.91
2013-08-11,2013,2053281.0,1891268.0,131.5,300.0,156,141.0,95.9
2013-08-04,2013,1880559.0,1681127.0,134.73,300.0,139,581.0,96.45
2013-07-28,2013,2088425.0,1891268.0,133.33,300.0,156,641.0,96.21
2013-07-21,2013,1907228.0,1681127.0,136.14,300.0,140,91.0,96.8
2013-07-14,2013,1986489.0,1891268.0,132.39,300.0,150,51.0,92.16
2013-07-07,2013,1893488.0,1681127.0,134.39,300.0,140,901.0,97.36
2013-06-30,2013,1985154.0,1681127.0,142.47,300.0,139,341.0,96.28
2013-06-23,2013,2041391.0,1891268.0,135.25,300.0,150,931.0,92.7
2013-06-16,2013,1849045.0,1681127.0,138.63,300.0,133,381.0,92.16
2013-06-09,2013,1770507.0,1681127.0,135.83,300.0,130,351.0,90.07
2013-06-02,2013,1776282.0,1681127.0,127.36,300.0,139,471.0,96.37
2013-05-26,2013,1858318.0,1681127.0,128.78,300.0,144,301.0,99.71
2013-05-19,2013,1748141.0,1681127.0,125.94,300.0,138,811.0,95.92
2013-05-12,2013,1697007.0,1681127.0,121.5,300.0,139,671.0,96.51
2013-05-05,2013,1651541.0,1681127.0,121.54,300.0,135,891.0,93.9
2013-04-28,2013,1735066.0,1681127.0,123.2,300.0,140,831.0,97.31
2013-04-21,2013,1810911.0,1681127.0,125.98,300.0,143,751.0,99.33
2013-04-14,2013,1749291.0,1681127.0,124.15,300.0,140,901.0,97.36
2013-04-07,2013,2257034.0,1681127.0,157.95,300.0,142,901.0,98.74
2013-03-31,2013,2633547.0,1891268.0,161.76,300.0,162,811.0,100.0
2013-03-24,2013,1940002.0,1681127.0,137.0,300.0,141,611.0,97.85
2013-03-17,2013,1950727.0,1681127.0,135.38,300.0,144,91.0,99.56
2013-03-10,2013,1663310.0,1681127.0,116.07,300.0,143,301.0,99.02
2013-03-03,2013,1544023.0,1681127.0,106.72,300.0,144,681.0,99.97
2013-02-24,2013,1657584.0,1681127.0,119.47,300.0,138,741.0,95.87
2013-02-17,2013,1875920.0,1681127.0,132.89,300.0,141,161.0,97.54
2013-02-10,2013,1355055.0,1681127.0,103.7,300.0,130,671.0,90.29
2013-02-03,2013,1419249.0,1681127.0,100.72,300.0,140,911.0,97.37
2013-01-27,2013,1493804.0,1681127.0,105.32,300.0,141,841.0,98.01
2013-01-20,2013,1700024.0,1681127.0,123.48,300.0,137,681.0,95.14
2013-01-13,2013,1519043.0,1681127.0,111.81,300.0,135,861.0,93.88
2013-01-06,2013,2106339.0,1681127.0,146.07,300.0,144,201.0,99.64
2012-12-30,2012,2947172.0,1891268.0,181.02,300.0,162,811.0,100.0
2012-12-23,2012,2100170.0,1681127.0,156.43,300.0,134,261.0,92.77
2012-12-16,2012,1866094.0,1681127.0,138.72,300.0,134,521.0,92.95
2012-12-09,2012,1825121.0,1681127.0,139.93,300.0,130,431.0,90.13
2012-12-02,2012,1696781.0,1681127.0,136.8,300.0,124,31.0,85.7
2012-11-25,2012,2290819.0,1681127.0,163.04,300.0,140,511.0,97.09
2012-11-18,2012,1598476.0,1681127.0,120.7,300.0,132,431.0,91.51
2012-11-11,2012,1506283.0,1681127.0,119.93,300.0,125,601.0,86.79
2012-11-04,2012,1166275.0,1470986.0,114.92,300.0,101,491.0,80.15
2012-10-28,2012,1657271.0,1681127.0,116.93,300.0,141,731.0,97.93
2012-10-21,2012,1717002.0,1681127.0,118.76,300.0,144,581.0,99.9
2012-10-14,2012,1691769.0,1681127.0,116.93,300.0,144,681.0,99.97
2012-10-07,2012,1806846.0,1681127.0,124.93,300.0,144,631.0,99.94
2012-09-30,2012,1536124.0,1681127.0,114.32,300.0,134,371.0,92.85
2012-09-23,2012,1495735.0,1681127.0,110.29,300.0,135,621.0,93.71
2012-09-16,2012,1435082.0,1681127.0,106.71,300.0,134,491.0,92.93
2012-09-09,2012,1313195.0,1681127.0,106.33,300.0,123,501.0,85.34
2012-09-02,2012,1700412.0,1681127.0,124.95,300.0,136,91.0,94.04
2012-08-26,2012,1690150.0,1681127.0,132.31,300.0,127,741.0,88.27
2012-08-19,2012,1818537.0,1681127.0,138.31,300.0,131,481.0,90.85
2012-08-12,2012,2147461.0,1891268.0,138.82,300.0,154,701.0,95.02
2012-08-05,2012,2013559.0,1681127.0,143.52,300.0,140,301.0,96.95
2012-07-29,2012,2055433.0,1681127.0,144.49,300.0,142,251.0,98.29
2012-07-22,2012,2145917.0,1891268.0,140.19,300.0,153,71.0,94.02
2012-07-15,2012,1980214.0,1681127.0,140.56,300.0,140,881.0,97.35
2012-07-08,2012,1920563.0,1681127.0,138.81,300.0,138,361.0,95.61
2012-07-01,2012,2033004.0,1681127.0,144.44,300.0,140,751.0,97.26
2012-06-24,2012,2038405.0,1681127.0,144.66,300.0,140,911.0,97.37
2012-06-17,2012,1980203.0,1681127.0,139.98,300.0,141,461.0,97.75
2012-06-10,2012,1990184.0,1681127.0,139.3,300.0,142,871.0,98.72
2012-06-03,2012,1802133.0,1681127.0,126.39,300.0,142,581.0,98.52
2012-05-27,2012,1896633.0,1681127.0,131.38,300.0,144,361.0,99.75
2012-05-20,2012,1831193.0,1681127.0,128.38,300.0,142,641.0,98.56
2012-05-13,2012,1579314.0,1681127.0,124.56,300.0,126,791.0,87.61
2012-05-06,2012,1643258.0,1681127.0,122.93,300.0,133,681.0,92.37
2012-04-29,2012,1742571.0,1681127.0,127.7,300.0,136,461.0,94.29
2012-04-22,2012,1800949.0,1681127.0,128.25,300.0,140,421.0,97.03
2012-04-15,2012,2153975.0,1681127.0,148.84,300.0,144,721.0,100.0
2012-04-08,2012,2183025.0,1681127.0,150.85,300.0,144,721.0,100.0
2012-04-01,2012,1841661.0,1681127.0,131.53,300.0,140,21.0,96.75
2012-03-25,2012,1808773.0,1681127.0,128.57,300.0,140,681.0,97.21
2012-03-18,2012,1942288.0,1681127.0,134.21,300.0,144,721.0,100.0
2012-03-11,2012,1662595.0,1681127.0,116.71,300.0,142,451.0,98.43
2012-03-04,2012,1501011.0,1681127.0,109.7,300.0,136,831.0,94.55
2012-02-26,2012,1872679.0,1681127.0,129.4,300.0,144,721.0,100.0
2012-02-19,2012,1903024.0,1681127.0,131.72,300.0,144,481.0,99.83
2012-02-12,2012,1508501.0,1681127.0,106.92,300.0,141,91.0,97.49
2012-02-05,2012,1349433.0,1681127.0,102.87,300.0,131,181.0,90.64
2012-01-29,2012,1503461.0,1681127.0,109.6,300.0,137,181.0,94.79
2012-01-22,2012,1534111.0,1681127.0,110.02,300.0,139,441.0,96.35
2012-01-15,2012,1792976.0,1681127.0,123.93,300.0,144,681.0,99.97
2012-01-08,2012,1850216.0,1681127.0,130.32,300.0,141,971.0,98.1
2012-01-01,2012,2712535.0,1891268.0,166.61,300.0,162,811.0,100.0
2011-12-25,2011,2107015.0,1681127.0,146.65,300.0,143,681.0,99.28
2011-12-18,2011,1762301.0,1681127.0,129.16,300.0,136,441.0,94.28
2011-12-11,2011,1777817.0,1681127.0,125.46,300.0,141,701.0,97.91
2011-12-04,2011,1656955.0,1681127.0,124.68,300.0,132,901.0,91.83
2011-11-27,2011,2205025.0,1681127.0,152.37,300.0,144,721.0,100.0
2011-11-20,2011,1535489.0,1681127.0,115.31,300.0,133,161.0,92.01
2011-11-13,2011,1646583.0,1681127.0,117.65,300.0,139,961.0,96.71
2011-11-06,2011,1535611.0,1681127.0,110.95,300.0,138,411.0,95.64
2011-10-30,2011,1629545.0,1681127.0,113.74,300.0,143,271.0,99.0
2011-10-23,2011,1698824.0,1681127.0,117.53,300.0,144,541.0,99.88
2011-10-16,2011,1675421.0,1681127.0,116.12,300.0,144,281.0,99.7
2011-10-09,2011,1656867.0,1681127.0,117.1,300.0,141,491.0,97.77
2011-10-02,2011,1593748.0,1681127.0,111.31,300.0,143,181.0,98.94
2011-09-25,2011,1561913.0,1681127.0,110.63,300.0,141,191.0,97.56
2011-09-18,2011,1479369.0,1681127.0,106.73,300.0,138,611.0,95.78
2011-09-11,2011,1253990.0,1566495.0,102.85,300.0,121,931.0,84.25
2011-09-04,2011,1602104.0,1566495.0,117.12,300.0,136,791.0,94.52
2011-08-28,2011,1031290.0,947085.0,121.54,300.0,84,851.0,93.81
2011-08-21,2011,1820989.0,1566495.0,128.61,300.0,141,591.0,97.84
2011-08-14,2011,1886230.0,1566495.0,130.61,300.0,144,421.0,99.79
2011-07-31,2011,1892399.0,1566495.0,130.76,300.0,144,721.0,100.0
2011-07-24,2011,1882731.0,1566495.0,130.1,300.0,144,721.0,100.0
2011-07-17,2011,1863700.0,1566495.0,128.9,300.0,144,591.0,99.91
2011-07-10,2011,1867819.0,1566495.0,129.06,300.0,144,721.0,100.0
2011-07-03,2011,1835710.0,1566495.0,127.48,300.0,144,1.0,99.5
2011-06-26,2011,1830739.0,1566495.0,126.5,300.0,144,721.0,100.0
2011-06-19,2011,1775427.0,1566495.0,122.68,300.0,144,721.0,100.0
2011-06-12,2011,1752076.0,1566495.0,121.07,300.0,144,721.0,100.0
2011-06-05,2011,1705602.0,1566495.0,117.86,300.0,144,721.0,100.0
2011-05-29,2011,1732752.0,1566495.0,119.73,300.0,144,721.0,100.0
2011-05-22,2011,1696763.0,1566495.0,117.25,300.0,144,721.0,100.0
2011-05-15,2011,1606974.0,1566495.0,113.12,300.0,142,61.0,98.16
2011-05-08,2011,1599916.0,1566495.0,112.06,300.0,142,771.0,98.65
2011-05-01,2011,1736420.0,1566495.0,119.99,300.0,144,721.0,100.0
2011-04-24,2011,1843855.0,1566495.0,127.41,300.0,144,721.0,100.0
2011-04-17,2011,1663270.0,1566495.0,115.43,300.0,144,101.0,99.57
2011-04-10,2011,1646991.0,1566495.0,113.95,300.0,144,541.0,99.88
2011-04-03,2011,1623653.0,1566495.0,112.19,300.0,144,721.0,100.0
2011-03-27,2011,1627422.0,1566495.0,112.45,300.0,144,721.0,100.0
2011-03-20,2011,1670779.0,1566495.0,115.45,300.0,144,721.0,100.0
2011-03-13,2011,1545232.0,1566495.0,106.77,300.0,144,721.0,100.0
2011-03-06,2011,1388574.0,1566495.0,97.77,300.0,142,21.0,98.13
2011-02-27,2011,1660095.0,1566495.0,114.71,300.0,144,721.0,100.0
2011-02-20,2011,1526036.0,1566495.0,108.23,300.0,141,1.0,97.43
2011-02-13,2011,1436121.0,1566495.0,102.4,300.0,140,241.0,96.9
2011-02-06,2011,1214880.0,1566495.0,94.3,300.0,128,831.0,89.02
2011-01-30,2011,1308560.0,1566495.0,98.15,300.0,133,321.0,92.12
2011-01-23,2011,1401082.0,1566495.0,100.28,300.0,139,721.0,96.55
2011-01-16,2011,1540868.0,1566495.0,108.3,300.0,142,281.0,98.31
2011-01-09,2011,1588456.0,1566495.0,109.76,300.0,144,721.0,100.0
2011-01-02,2011,2228235.0,1566495.0,153.97,300.0,144,721.0,100.0
2010-12-26,2010,2153110.0,1566495.0,148.78,300.0,144,721.0,100.0
2010-12-19,2010,1631743.0,1566495.0,115.12,300.0,141,741.0,97.94
2010-12-12,2010,1645313.0,1566495.0,115.78,300.0,142,111.0,98.2
2010-12-05,2010,1566919.0,1566495.0,114.62,300.0,136,711.0,94.47
2010-11-28,2010,2150665.0,1566495.0,148.61,300.0,144,721.0,100.0
2010-11-21,2010,1509711.0,1566495.0,108.36,300.0,139,331.0,96.28
2010-11-14,2010,1567087.0,1566495.0,110.47,300.0,141,851.0,98.02
2010-11-07,2010,1547866.0,1566495.0,108.72,300.0,142,371.0,98.38
2010-10-31,2010,1541013.0,1566495.0,106.48,300.0,144,721.0,100.0
2010-10-24,2010,1573370.0,1566495.0,108.85,300.0,144,551.0,99.88
2010-10-17,2010,1576947.0,1566495.0,108.97,300.0,144,721.0,100.0
2010-10-10,2010,1602698.0,1566495.0,111.81,300.0,143,341.0,99.05
2010-10-03,2010,1507992.0,1566495.0,104.61,300.0,144,151.0,99.61
2010-09-26,2010,1495013.0,1566495.0,103.48,300.0,144,471.0,99.83
2010-09-19,2010,1479055.0,1566495.0,103.21,300.0,143,311.0,99.03
2010-09-12,2010,1400569.0,1566495.0,101.92,300.0,137,421.0,94.96
2010-09-05,2010,1622078.0,1566495.0,112.08,300.0,144,721.0,100.0
2010-08-29,2010,1664108.0,1566495.0,114.99,300.0,144,721.0,100.0
2010-08-22,2010,1688034.0,1566495.0,116.64,300.0,144,721.0,100.0
2010-08-15,2010,1733834.0,1566495.0,119.81,300.0,144,721.0,100.0
2010-08-08,2010,1745925.0,1566495.0,120.64,300.0,144,721.0,100.0
2010-08-01,2010,1720540.0,1566495.0,118.89,300.0,144,721.0,100.0
2010-07-25,2010,1707154.0,1566495.0,117.96,300.0,144,721.0,100.0
2010-07-18,2010,1681570.0,1566495.0,116.19,300.0,144,721.0,100.0
2010-07-11,2010,1650562.0,1566495.0,114.05,300.0,144,721.0,100.0
2010-07-04,2010,1620851.0,1566495.0,112.0,300.0,144,721.0,100.0
2010-06-27,2010,1641718.0,1566495.0,113.44,300.0,144,721.0,100.0
2010-06-20,2010,1620876.0,1566495.0,112.0,300.0,144,721.0,100.0
2010-06-13,2010,1614485.0,1566495.0,111.56,300.0,144,721.0,100.0
2010-06-06,2010,1570925.0,1566495.0,108.55,300.0,144,721.0,100.0
2010-05-30,2010,1570390.0,1566495.0,108.51,300.0,144,721.0,100.0
2010-05-23,2010,1576010.0,1566495.0,108.9,300.0,144,721.0,100.0
2010-05-16,2010,1549754.0,1566495.0,107.09,300.0,144,721.0,100.0
2010-05-09,2010,1529199.0,1566495.0,106.94,300.0,143,1.0,98.81
2010-05-02,2010,1510925.0,1566495.0,105.09,300.0,143,781.0,99.35
2010-04-25,2010,1565019.0,1566495.0,108.14,300.0,144,721.0,100.0
2010-04-18,2010,1561198.0,1566495.0,108.03,300.0,144,521.0,99.86
2010-04-11,2010,1678013.0,1566495.0,115.95,300.0,144,721.0,100.0
2010-04-04,2010,1686510.0,1566495.0,116.54,300.0,144,721.0,100.0
2010-03-28,2010,1565719.0,1566495.0,108.19,300.0,144,721.0,100.0
2010-03-21,2010,1583765.0,1566495.0,109.44,300.0,144,721.0,100.0
2010-03-14,2010,1505286.0,1566495.0,104.01,300.0,144,721.0,100.0
2010-03-07,2010,1337882.0,1566495.0,94.12,300.0,142,151.0,98.22
2010-02-28,2010,1353808.0,1566495.0,95.58,300.0,141,641.0,97.87
2010-02-21,2010,1602783.0,1566495.0,110.75,300.0,144,721.0,100.0
2010-02-14,2010,1359810.0,1566495.0,99.84,300.0,136,201.0,94.11
2010-02-07,2010,1285902.0,1566495.0,95.21,300.0,135,61.0,93.33
2010-01-31,2010,1337056.0,1566495.0,96.45,300.0,138,631.0,95.79
2010-01-24,2010,1377097.0,1566495.0,99.27,300.0,138,721.0,95.85
2010-01-17,2010,1460131.0,1566495.0,104.94,300.0,139,141.0,96.14
2010-01-10,2010,1539959.0,1566495.0,106.41,300.0,144,721.0,100.0
2010-01-03,2010,2125740.0,1566495.0,146.89,300.0,144,721.0,100.0
2009-12-27,2009,2092745.0,1566495.0,144.61,300.0,144,721.0,100.0
2009-12-20,2009,1604791.0,1566495.0,112.29,300.0,142,911.0,98.75
2009-12-13,2009,1624400.0,1566495.0,112.88,300.0,143,911.0,99.44
2009-12-06,2009,1535600.0,1566495.0,112.1,300.0,136,981.0,94.65
2009-11-29,2009,2086135.0,1566495.0,144.15,300.0,144,721.0,100.0
2009-11-22,2009,1430006.0,1566495.0,107.17,300.0,133,431.0,92.2
2009-11-15,2009,1549328.0,1566495.0,108.12,300.0,143,301.0,99.02
2009-11-08,2009,1511167.0,1566495.0,107.67,300.0,140,351.0,96.98
2009-11-01,2009,1489548.0,1566495.0,104.15,300.0,143,21.0,98.83
2009-10-25,2009,1525772.0,1566495.0,105.73,300.0,144,311.0,99.72
2009-10-18,2009,1554561.0,1566495.0,107.42,300.0,144,721.0,100.0
2009-10-11,2009,1552645.0,1566495.0,107.29,300.0,144,721.0,100.0
2009-10-04,2009,1470532.0,1566495.0,105.06,300.0,139,971.0,96.72
2009-09-27,2009,1481120.0,1566495.0,102.95,300.0,143,871.0,99.41
2009-09-20,2009,1441683.0,1566495.0,101.48,300.0,142,71.0,98.17
2009-09-13,2009,1406548.0,1566495.0,100.68,300.0,139,701.0,96.53
2009-09-06,2009,1549937.0,1566495.0,107.9,300.0,143,641.0,99.25
2009-08-30,2009,1609027.0,1566495.0,111.18,300.0,144,721.0,100.0
2009-08-23,2009,1634843.0,1566495.0,112.97,300.0,144,721.0,100.0
2009-08-16,2009,1645488.0,1566495.0,113.7,300.0,144,721.0,100.0
2009-08-09,2009,1649459.0,1566495.0,113.98,300.0,144,721.0,100.0
2009-08-02,2009,1627239.0,1566495.0,112.44,300.0,144,721.0,100.0
2009-07-26,2009,1632856.0,1566495.0,112.83,300.0,144,721.0,100.0
2009-07-19,2009,1634385.0,1566495.0,112.93,300.0,144,721.0,100.0
2009-07-12,2009,1616649.0,1566495.0,111.71,300.0,144,721.0,100.0
2009-07-05,2009,1573163.0,1566495.0,108.91,300.0,144,451.0,99.81
2009-06-28,2009,1606120.0,1566495.0,110.98,300.0,144,721.0,100.0
2009-06-21,2009,1579549.0,1566495.0,109.15,300.0,144,721.0,100.0
2009-06-14,2009,1572092.0,1566495.0,108.63,300.0,144,721.0,100.0
2009-06-07,2009,1545886.0,1566495.0,106.82,300.0,144,721.0,100.0
2009-05-31,2009,1552347.0,1566495.0,107.27,300.0,144,721.0,100.0
2009-05-24,2009,1416179.0,1409846.0,97.86,300.0,144,721.0,100.0
2009-05-17,2009,1403974.0,1409846.0,97.01,300.0,144,721.0,100.0
2009-05-10,2009,1380171.0,1409846.0,95.81,300.0,144,51.0,99.54
2009-05-03,2009,1384780.0,1409846.0,95.75,300.0,144,621.0,99.93
2009-04-26,2009,1458664.0,1409846.0,101.75,300.0,143,361.0,99.06
2009-04-19,2009,1539124.0,1409846.0,106.35,300.0,144,721.0,100.0
2009-04-12,2009,1524141.0,1409846.0,105.32,300.0,144,721.0,100.0
2009-04-05,2009,1408086.0,1409846.0,99.63,300.0,141,331.0,97.66
2009-03-29,2009,1413721.0,1409846.0,97.69,300.0,144,721.0,100.0
2009-03-22,2009,1444495.0,1409846.0,99.81,300.0,144,721.0,100.0
2009-03-15,2009,1305496.0,1409846.0,91.84,300.0,142,151.0,98.22
2009-03-08,2009,1231466.0,1409846.0,88.38,300.0,139,331.0,96.28
2009-03-01,2009,1241055.0,1409846.0,90.53,300.0,137,91.0,94.73
2009-02-22,2009,1449915.0,1409846.0,100.19,300.0,144,721.0,100.0
2009-02-15,2009,1228776.0,1409846.0,90.72,300.0,135,451.0,93.59
2009-02-08,2009,1169304.0,1409846.0,88.62,300.0,131,941.0,91.17
2009-02-01,2009,1212812.0,1409846.0,88.86,300.0,136,491.0,94.31
2009-01-25,2009,1236816.0,1409846.0,90.94,300.0,136,11.0,93.98
2009-01-18,2009,1302387.0,1409846.0,96.78,300.0,134,571.0,92.99
2009-01-11,2009,1365879.0,1409846.0,96.24,300.0,141,931.0,98.07
2009-01-04,2009,1769489.0,1409846.0,122.27,300.0,144,721.0,100.0
2008-12-28,2008,1803262.0,1409846.0,124.6,300.0,144,721.0,100.0
2008-12-21,2008,1499186.0,1409846.0,103.59,300.0,144,721.0,100.0
2008-12-14,2008,1430967.0,1409846.0,102.27,300.0,139,921.0,96.68
2008-12-07,2008,1402358.0,1409846.0,102.42,300.0,136,921.0,94.61
2008-11-30,2008,1800907.0,1409846.0,124.44,300.0,144,721.0,100.0
2008-11-23,2008,1325394.0,1409846.0,93.91,300.0,141,141.0,97.53
2008-11-16,2008,1305090.0,1409846.0,96.14,300.0,135,751.0,93.8
2008-11-09,2008,1363108.0,1409846.0,99.75,300.0,136,651.0,94.42
2008-11-02,2008,1403819.0,1409846.0,98.48,300.0,142,551.0,98.5
2008-10-26,2008,1418491.0,1409846.0,98.66,300.0,143,771.0,99.34
2008-10-19,2008,1431479.0,1409846.0,98.91,300.0,144,721.0,100.0
2008-10-12,2008,1419612.0,1409846.0,100.32,300.0,141,511.0,97.78
2008-10-05,2008,1402931.0,1409846.0,96.94,300.0,144,721.0,100.0
2008-09-28,2008,1383988.0,1409846.0,97.2,300.0,142,381.0,98.38
2008-09-21,2008,1391903.0,1409846.0,97.68,300.0,142,491.0,98.46
2008-09-14,2008,1351548.0,1409846.0,95.28,300.0,141,851.0,98.02
2008-09-07,2008,1351513.0,1409846.0,95.08,300.0,142,141.0,98.22
2008-08-31,2008,1521795.0,1409846.0,105.15,300.0,144,721.0,100.0
2008-08-24,2008,1511914.0,1409846.0,104.47,300.0,144,721.0,100.0
2008-08-17,2008,1527832.0,1409846.0,105.57,300.0,144,721.0,100.0
2008-08-10,2008,1534964.0,1409846.0,106.06,300.0,144,721.0,100.0
2008-08-03,2008,1533498.0,1409846.0,105.96,300.0,144,721.0,100.0
2008-07-27,2008,1522686.0,1409846.0,105.22,300.0,144,721.0,100.0
2008-07-20,2008,1522706.0,1409846.0,105.22,300.0,144,721.0,100.0
2008-07-13,2008,1513604.0,1409846.0,104.59,300.0,144,721.0,100.0
2008-07-06,2008,1518261.0,1409846.0,104.91,300.0,144,721.0,100.0
2008-06-29,2008,1501368.0,1409846.0,103.74,300.0,144,721.0,100.0
2008-06-22,2008,1475342.0,1409846.0,101.94,300.0,144,721.0,100.0
2008-06-15,2008,1457315.0,1409846.0,100.7,300.0,144,721.0,100.0
2008-06-08,2008,1447560.0,1409846.0,100.02,300.0,144,721.0,100.0
2008-06-01,2008,1432317.0,1409846.0,98.97,300.0,144,721.0,100.0
2008-05-25,2008,1451486.0,1409846.0,100.3,300.0,144,721.0,100.0
2008-05-18,2008,1446047.0,1409846.0,99.92,300.0,144,721.0,100.0
2008-05-11,2008,1434150.0,1409846.0,99.1,300.0,144,721.0,100.0
2008-05-04,2008,1439333.0,1409846.0,99.46,300.0,144,721.0,100.0
2008-04-27,2008,1468682.0,1409846.0,101.48,300.0,144,721.0,100.0
2008-04-20,2008,1507124.0,1409846.0,104.14,300.0,144,721.0,100.0
2008-04-13,2008,1506420.0,1409846.0,104.09,300.0,144,721.0,100.0
2008-04-06,2008,1501041.0,1409846.0,103.72,300.0,144,721.0,100.0
2008-03-30,2008,1544646.0,1409846.0,106.73,300.0,144,721.0,100.0
2008-03-23,2008,1503737.0,1409846.0,103.91,300.0,144,721.0,100.0
2008-03-16,2008,1456447.0,1409846.0,100.64,300.0,144,721.0,100.0
2008-03-09,2008,1378638.0,1409846.0,97.42,300.0,141,521.0,97.79
2008-03-02,2008,1360610.0,1409846.0,94.02,300.0,144,721.0,100.0
2008-02-24,2008,1507849.0,1409846.0,104.19,300.0,144,721.0,100.0
2008-02-17,2008,1363888.0,1409846.0,95.97,300.0,142,111.0,98.2
2008-02-10,2008,1310705.0,1409846.0,92.75,300.0,141,321.0,97.65
2008-02-03,2008,1344206.0,1409846.0,94.21,300.0,142,681.0,98.59
2008-01-27,2008,1343579.0,1409846.0,93.69,300.0,143,411.0,99.09
2008-01-20,2008,1371768.0,1409846.0,98.77,300.0,138,881.0,95.96
2008-01-13,2008,1400269.0,1409846.0,98.74,300.0,141,811.0,97.99
2008-01-06,2008,1494991.0,1409846.0,103.3,300.0,144,721.0,100.0
2007-12-30,2007,1839950.0,1499364.0,127.14,300.0,144,721.0,100.0
2007-12-23,2007,1707129.0,1308816.0,117.96,300.0,144,721.0,100.0
2007-12-16,2007,1449240.0,1308816.0,100.5,300.0,144,201.0,99.64
2007-12-09,2007,1446244.0,1308816.0,99.96,300.0,144,681.0,99.97
2007-12-02,2007,941588.0,818010.0,104.1,300.0,90,451.0,100.0
2007-11-25,2007,0.0,0.0,0.0,300.0,0,,0.0
2007-11-18,2007,0.0,0.0,0.0,300.0,0,,0.0
2007-11-11,2007,852843.0,818010.0,95.37,300.0,89,421.0,98.86
2007-11-04,2007,1335757.0,1308816.0,92.4,300.0,144,561.0,99.89
2007-10-28,2007,1435731.0,1308816.0,99.7,300.0,144,11.0,99.51
2007-10-21,2007,1449978.0,1308816.0,100.32,300.0,144,541.0,99.88
2007-10-14,2007,1433557.0,1308816.0,100.4,300.0,142,781.0,98.66
2007-10-07,2007,1398878.0,1308816.0,98.06,300.0,142,651.0,98.57
2007-09-30,2007,1401662.0,1308816.0,98.41,300.0,142,431.0,98.42
2007-09-23,2007,1405642.0,1308816.0,98.14,300.0,143,231.0,98.97
2007-09-16,2007,1353236.0,1308816.0,95.48,300.0,141,731.0,97.93
2007-09-09,2007,1383807.0,1308816.0,97.61,300.0,141,771.0,97.96
2007-09-02,2007,1480508.0,1308816.0,102.3,300.0,144,721.0,100.0
2007-08-26,2007,1472393.0,1308816.0,101.74,300.0,144,721.0,100.0
2007-08-19,2007,1483860.0,1308816.0,102.53,300.0,144,721.0,100.0
2007-08-12,2007,1492271.0,1308816.0,103.11,300.0,144,721.0,100.0
2007-08-05,2007,1489919.0,1308816.0,102.95,300.0,144,721.0,100.0
2007-07-29,2007,1480955.0,1308816.0,102.33,300.0,144,721.0,100.0
2007-07-22,2007,1472649.0,1308816.0,101.76,300.0,144,721.0,100.0
2007-07-15,2007,1468400.0,1308816.0,101.46,300.0,144,721.0,100.0
2007-07-08,2007,1469948.0,1308816.0,101.57,300.0,144,721.0,100.0
2007-07-01,2007,1455985.0,1308816.0,100.61,300.0,144,721.0,100.0
2007-06-24,2007,1445474.0,1308816.0,99.88,300.0,144,721.0,100.0
2007-06-17,2007,1426820.0,1308816.0,98.59,300.0,144,721.0,100.0
2007-06-10,2007,1401805.0,1308816.0,96.86,300.0,144,721.0,100.0
2007-06-03,2007,1388636.0,1308816.0,95.95,300.0,144,721.0,100.0
2007-05-27,2007,1404241.0,1308816.0,97.03,300.0,144,721.0,100.0
2007-05-20,2007,1389293.0,1308816.0,96.0,300.0,144,721.0,100.0
2007-05-13,2007,1390500.0,1308816.0,96.08,300.0,144,721.0,100.0
2007-05-06,2007,1384931.0,1308816.0,95.7,300.0,144,721.0,100.0
2007-04-29,2007,1389502.0,1308816.0,96.01,300.0,144,721.0,100.0
2007-04-22,2007,1401980.0,1308816.0,96.88,300.0,144,721.0,100.0
2007-04-15,2007,1487336.0,1308816.0,102.77,300.0,144,721.0,100.0
2007-04-08,2007,1467527.0,1308816.0,101.4,300.0,144,721.0,100.0
2007-04-01,2007,1392168.0,1308816.0,96.2,300.0,144,721.0,100.0
2007-03-25,2007,1380917.0,1308816.0,95.42,300.0,144,721.0,100.0
2007-03-18,2007,1388693.0,1308816.0,95.96,300.0,144,721.0,100.0
2007-03-11,2007,1370150.0,1308816.0,94.75,300.0,144,611.0,99.92
2007-03-04,2007,1355906.0,1308816.0,94.25,300.0,143,871.0,99.41
2007-02-25,2007,1452306.0,1308816.0,100.35,300.0,144,721.0,100.0
2007-02-18,2007,1407207.0,1308816.0,98.41,300.0,142,991.0,98.8
2007-02-11,2007,1307183.0,1308816.0,92.14,300.0,141,871.0,98.03
2007-02-04,2007,1314391.0,1308816.0,94.21,300.0,139,511.0,96.4
2007-01-28,2007,1349148.0,1308816.0,94.47,300.0,142,811.0,98.68
2007-01-21,2007,1365614.0,1308816.0,94.79,300.0,144,61.0,99.54
2007-01-14,2007,1408037.0,1308816.0,97.29,300.0,144,721.0,100.0
2007-01-07,2007,1404787.0,1308816.0,97.07,300.0,144,721.0,100.0
2006-12-31,2006,1800310.0,1433160.0,124.4,300.0,144,721.0,100.0
2006-12-24,2006,1681134.0,1155784.0,116.16,300.0,144,721.0,100.0
2006-12-17,2006,1440294.0,1155784.0,99.52,300.0,144,721.0,100.0
2006-12-10,2006,1450534.0,1155784.0,100.23,300.0,144,721.0,100.0
2006-12-03,2006,1413336.0,1155784.0,98.61,300.0,143,331.0,99.04
2006-11-26,2006,1715156.0,1155784.0,118.52,300.0,144,721.0,100.0
2006-11-19,2006,1386066.0,1155784.0,96.64,300.0,143,431.0,99.11
2006-11-12,2006,1402177.0,1155784.0,96.89,300.0,144,721.0,100.0
2006-11-05,2006,1385490.0,1155784.0,96.36,300.0,143,781.0,99.35
2006-10-29,2006,1408440.0,1155784.0,97.32,300.0,144,721.0,100.0
2006-10-22,2006,1412444.0,1155784.0,97.6,300.0,144,721.0,100.0
2006-10-15,2006,1411174.0,1155784.0,97.51,300.0,144,721.0,100.0
2006-10-08,2006,1410150.0,1155784.0,97.44,300.0,144,721.0,100.0
2006-10-01,2006,1383737.0,1155784.0,96.07,300.0,144,31.0,99.52
2006-09-24,2006,1367250.0,1155784.0,95.24,300.0,143,561.0,99.2
2006-09-17,2006,1389174.0,1155784.0,96.32,300.0,144,221.0,99.65
2006-09-10,2006,1376769.0,1155784.0,95.34,300.0,144,401.0,99.78
2006-09-03,2006,1452817.0,1155784.0,100.39,300.0,144,721.0,100.0
2006-08-27,2006,1424998.0,1155784.0,98.47,300.0,144,721.0,100.0
2006-08-20,2006,1446082.0,1155784.0,99.92,300.0,144,721.0,100.0
2006-08-13,2006,1452320.0,1155784.0,100.35,300.0,144,721.0,100.0
2006-08-06,2006,1448975.0,1155784.0,100.12,300.0,144,721.0,100.0
2006-07-30,2006,1443870.0,1155784.0,99.77,300.0,144,721.0,100.0
2006-07-23,2006,1443757.0,1155784.0,99.76,300.0,144,721.0,100.0
2006-07-16,2006,1438835.0,1155784.0,99.42,300.0,144,721.0,100.0
2006-07-09,2006,1438551.0,1155784.0,99.4,300.0,144,721.0,100.0
2006-07-02,2006,1431843.0,1155784.0,98.94,300.0,144,721.0,100.0
2006-06-25,2006,1405687.0,1155784.0,97.13,300.0,144,721.0,100.0
2006-06-18,2006,1365387.0,1155784.0,94.35,300.0,144,721.0,100.0
2006-06-11,2006,1340915.0,1155784.0,92.66,300.0,144,721.0,100.0
2006-06-04,2006,1341770.0,1155784.0,92.71,300.0,144,721.0,100.0
2006-05-28,2006,1350004.0,1155784.0,93.28,300.0,144,721.0,100.0
2006-05-21,2006,1355903.0,1155784.0,93.69,300.0,144,721.0,100.0
2006-05-14,2006,1346016.0,1155784.0,93.01,300.0,144,721.0,100.0
2006-05-07,2006,1331209.0,1155784.0,91.99,300.0,144,721.0,100.0
2006-04-30,2006,1310827.0,1155784.0,90.58,300.0,144,721.0,100.0
2006-04-23,2006,1440426.0,1155784.0,99.53,300.0,144,721.0,100.0
2006-04-16,2006,1454174.0,1155784.0,100.48,240.0,144,721.0,100.0
2006-04-09,2006,1354481.0,1155784.0,93.59,240.0,144,721.0,100.0
2006-04-02,2006,1335008.0,1155784.0,92.25,240.0,144,721.0,100.0
2006-03-26,2006,1341200.0,1155784.0,92.68,240.0,144,721.0,100.0
2006-03-19,2006,1338102.0,1155784.0,92.46,240.0,144,721.0,100.0
2006-03-12,2006,1327886.0,1155784.0,91.76,240.0,144,721.0,100.0
2006-03-05,2006,1327337.0,1155784.0,91.72,240.0,144,721.0,100.0
2006-02-26,2006,1411120.0,1155784.0,97.51,240.0,144,721.0,100.0
2006-02-19,2006,1360859.0,1155784.0,94.39,240.0,144,171.0,99.62
2006-02-12,2006,1315139.0,1155784.0,91.1,240.0,144,361.0,99.75
2006-02-05,2006,1303981.0,1155784.0,91.66,240.0,142,261.0,98.3
2006-01-29,2006,1346750.0,1155784.0,93.06,240.0,144,721.0,100.0
2006-01-22,2006,1336485.0,1155784.0,92.88,240.0,143,901.0,99.43
2006-01-15,2006,1362006.0,1155784.0,94.11,240.0,144,721.0,100.0
2006-01-08,2006,1360955.0,1155784.0,94.04,240.0,144,721.0,100.0
2006-01-01,2006,1610934.0,1155784.0,111.31,240.0,144,721.0,100.0
2005-12-25,2005,1439603.0,1155784.0,99.48,240.0,144,721.0,100.0
2005-12-18,2005,1350164.0,1155784.0,93.29,240.0,144,721.0,100.0
2005-12-11,2005,1345796.0,1155784.0,92.99,240.0,144,721.0,100.0
2005-12-04,2005,1351144.0,1155784.0,93.36,240.0,144,721.0,100.0
2005-11-27,2005,1521159.0,1155784.0,105.11,240.0,144,721.0,100.0
2005-11-20,2005,1317881.0,1155784.0,91.06,240.0,144,721.0,100.0
2005-11-13,2005,1318294.0,1155784.0,91.09,240.0,144,721.0,100.0
2005-11-06,2005,1304041.0,1155784.0,90.11,240.0,144,721.0,100.0
2005-10-30,2005,1291006.0,1155784.0,89.21,240.0,144,721.0,100.0
2005-10-23,2005,1301198.0,1155784.0,89.91,240.0,144,721.0,100.0
2005-10-16,2005,1281947.0,1155784.0,88.58,240.0,144,721.0,100.0
2005-10-09,2005,1305035.0,1155784.0,90.18,240.0,144,721.0,100.0
2005-10-02,2005,1266499.0,1155784.0,87.51,240.0,144,721.0,100.0
2005-09-25,2005,1263292.0,1155784.0,87.29,240.0,144,721.0,100.0
2005-09-18,2005,1249010.0,1155784.0,87.26,240.0,143,141.0,98.91
2005-09-11,2005,1276941.0,1155784.0,88.24,240.0,144,721.0,100.0
2005-09-04,2005,1320047.0,1155784.0,91.21,240.0,144,721.0,100.0
2005-08-28,2005,1317421.0,1155784.0,91.03,240.0,144,721.0,100.0
2005-08-21,2005,1312017.0,1155784.0,90.66,240.0,144,721.0,100.0
2005-08-14,2005,1314515.0,1155784.0,90.83,240.0,144,721.0,100.0
2005-08-07,2005,1312297.0,1155784.0,90.68,240.0,144,721.0,100.0
2005-07-31,2005,1311651.0,1155784.0,90.63,240.0,144,721.0,100.0
2005-07-24,2005,1307492.0,1155784.0,90.35,240.0,144,721.0,100.0
2005-07-17,2005,1297582.0,1155784.0,89.66,240.0,144,721.0,100.0
2005-07-10,2005,1302256.0,1155784.0,89.98,240.0,144,721.0,100.0
2005-07-03,2005,1290478.0,1155784.0,89.17,240.0,144,721.0,100.0
2005-06-26,2005,1265311.0,1155784.0,87.43,240.0,144,721.0,100.0
2005-06-19,2005,1267274.0,1155784.0,87.57,240.0,144,721.0,100.0
2005-06-12,2005,1265536.0,1155784.0,87.45,240.0,144,721.0,100.0
2005-06-05,2005,1249964.0,1155784.0,86.37,240.0,144,721.0,100.0
2005-05-29,2005,1255567.0,1155784.0,86.76,240.0,144,721.0,100.0
2005-05-22,2005,1243774.0,1155784.0,85.94,240.0,144,721.0,100.0
2005-05-15,2005,1246462.0,1155784.0,86.13,240.0,144,721.0,100.0
2005-05-08,2005,1230678.0,1155784.0,85.04,240.0,144,721.0,100.0
2005-05-01,2005,1255997.0,1155784.0,86.79,240.0,144,721.0,100.0
2005-04-24,2005,1215733.0,1155784.0,84.01,240.0,144,721.0,100.0
2005-04-17,2005,1203281.0,1155784.0,83.15,240.0,144,721.0,100.0
2005-04-10,2005,1201309.0,1155784.0,83.01,240.0,144,721.0,100.0
2005-04-03,2005,1261177.0,1155784.0,87.15,240.0,144,721.0,100.0
2005-03-27,2005,1211713.0,1155784.0,83.73,240.0,144,721.0,100.0
2005-03-20,2005,1202076.0,1155784.0,83.06,240.0,144,721.0,100.0
2005-03-13,2005,1210505.0,1155784.0,83.64,240.0,144,721.0,100.0
2005-03-06,2005,1211643.0,1155784.0,83.72,240.0,144,721.0,100.0
2005-02-27,2005,1269846.0,1155784.0,87.75,240.0,144,721.0,100.0
2005-02-20,2005,1241283.0,1155784.0,85.77,240.0,144,721.0,100.0
2005-02-13,2005,1200119.0,1155784.0,83.34,240.0,144,1.0,99.5
2005-02-06,2005,1203023.0,1155784.0,83.64,240.0,143,841.0,99.39
2005-01-30,2005,1226773.0,1155784.0,84.77,240.0,144,721.0,100.0
2005-01-23,2005,1232405.0,1155784.0,85.16,240.0,144,721.0,100.0
2005-01-16,2005,1246349.0,1155784.0,86.12,240.0,144,721.0,100.0
2005-01-09,2005,1258911.0,1155784.0,86.99,240.0,144,721.0,100.0
2005-01-02,2005,1276328.0,1155784.0,88.19,240.0,144,721.0,100.0
2004-12-26,2004,1266203.0,1155784.0,87.49,240.0,144,721.0,100.0
2004-12-19,2004,1241941.0,1155784.0,85.82,240.0,144,721.0,100.0
2004-12-12,2004,1228233.0,1155784.0,84.87,240.0,144,721.0,100.0
2004-12-05,2004,1215046.0,1155784.0,83.96,240.0,144,721.0,100.0
2004-11-28,2004,1274459.0,1155784.0,88.06,240.0,144,721.0,100.0
2004-11-21,2004,1212075.0,1155784.0,83.75,240.0,144,721.0,100.0
2004-11-14,2004,1196397.0,1155784.0,82.67,240.0,144,721.0,100.0
2004-11-07,2004,1196658.0,1155784.0,82.69,240.0,144,721.0,100.0
2004-10-31,2004,1195979.0,1155784.0,82.64,240.0,144,721.0,100.0
2004-10-24,2004,1185795.0,1155784.0,81.94,240.0,144,721.0,100.0
2004-10-17,2004,1180266.0,1155784.0,81.56,240.0,144,721.0,100.0
2004-10-10,2004,1202536.0,1155784.0,83.09,240.0,144,721.0,100.0
2004-10-03,2004,1178866.0,1155784.0,81.46,240.0,144,721.0,100.0
2004-09-26,2004,1172291.0,1155784.0,81.0,240.0,144,721.0,100.0
2004-09-19,2004,1165487.0,1155784.0,81.87,240.0,142,361.0,98.37
2004-09-12,2004,1192471.0,1155784.0,82.4,240.0,144,721.0,100.0
2004-09-05,2004,1211753.0,1155784.0,83.73,240.0,144,721.0,100.0
2004-08-22,2004,1201761.0,1155784.0,83.04,240.0,144,721.0,100.0
2004-08-15,2004,1190775.0,1155784.0,82.28,240.0,144,721.0,100.0
2004-08-08,2004,1187804.0,1155784.0,82.08,240.0,144,721.0,100.0
2004-08-01,2004,1174985.0,1130121.0,82.84,240.0,141,841.0,100.0
2004-07-25,2004,1172927.0,1130121.0,82.69,240.0,141,841.0,100.0
2004-07-18,2004,1166136.0,1130121.0,82.21,240.0,141,841.0,100.0
2004-07-11,2004,1142433.0,1130121.0,80.54,240.0,141,841.0,100.0
2004-07-04,2004,1142867.0,1130121.0,80.57,240.0,141,841.0,100.0
2004-06-27,2004,1135355.0,1130121.0,80.04,240.0,141,841.0,100.0
2004-06-20,2004,1124528.0,1130121.0,79.28,240.0,141,841.0,100.0
2004-06-13,2004,1270693.0,1277673.0,79.63,240.0,159,571.0,100.0
2004-06-06,2004,953935.0,986458.0,76.86,240.0,124,111.0,100.0
2004-05-30,2004,1107202.0,1130121.0,78.06,240.0,141,841.0,100.0
2004-05-23,2004,1106282.0,1130121.0,78.0,240.0,141,841.0,100.0
2004-05-16,2004,1080711.0,1130121.0,76.19,240.0,141,841.0,100.0
2004-05-09,2004,1092029.0,1130121.0,77.16,240.0,141,531.0,99.78
2004-05-02,2004,1065341.0,1130121.0,75.11,240.0,141,841.0,100.0
2004-04-25,2004,1082387.0,1130121.0,76.31,240.0,141,841.0,100.0
2004-04-18,2004,1104830.0,1130121.0,77.89,240.0,141,841.0,100.0
2004-04-11,2004,1134594.0,1130121.0,79.99,240.0,141,841.0,100.0
2004-04-04,2004,1101014.0,1130121.0,77.62,240.0,141,841.0,100.0
2004-03-28,2004,1070189.0,1130121.0,75.45,240.0,141,841.0,100.0
2004-03-21,2004,1081471.0,1130121.0,76.25,240.0,141,841.0,100.0
2004-03-14,2004,1064717.0,1130121.0,75.06,240.0,141,841.0,100.0
2004-03-07,2004,956417.0,1130121.0,72.62,240.0,131,701.0,92.85
2004-02-29,2004,1010324.0,1130121.0,73.32,240.0,137,791.0,97.14
2004-02-22,2004,1064731.0,1130121.0,75.07,240.0,141,841.0,100.0
2004-02-15,2004,1001323.0,1130121.0,73.36,240.0,136,491.0,96.23
2004-02-08,2004,944793.0,1130121.0,69.11,240.0,136,711.0,96.38
2004-02-01,2004,951831.0,1130121.0,70.03,240.0,135,911.0,95.82
2004-01-25,2004,1004090.0,1130121.0,74.45,240.0,134,871.0,95.09
2004-01-18,2004,1013453.0,1130121.0,75.07,240.0,135,11.0,95.18
2004-01-11,2004,1018069.0,1130121.0,75.07,240.0,135,611.0,95.61
2004-01-04,2004,1188937.0,1130121.0,83.82,100.0,141,841.0,100.0
2003-12-28,2003,1182972.0,1130121.0,83.4,100.0,141,841.0,100.0
2003-12-21,2003,1042819.0,1130121.0,76.38,100.0,136,531.0,96.26
2003-12-14,2003,1023594.0,1130121.0,75.72,100.0,135,181.0,95.3
2003-12-07,2003,1010245.0,1130121.0,75.83,100.0,133,231.0,93.93
2003-11-30,2003,1121308.0,1130121.0,79.05,100.0,141,841.0,100.0
2003-11-23,2003,886753.0,1130121.0,64.97,100.0,136,481.0,96.22
2003-11-16,2003,926289.0,1130121.0,66.75,100.0,138,781.0,97.84
2003-11-09,2003,892085.0,1130121.0,66.06,100.0,135,51.0,95.21
2003-11-02,2003,799286.0,1130121.0,63.55,100.0,125,771.0,88.67
2003-10-26,2003,732199.0,986458.0,59.47,100.0,123,131.0,99.21
2003-10-19,2003,821248.0,1130121.0,59.92,100.0,137,51.0,96.62
2003-10-12,2003,662666.0,858516.0,63.0,100.0,105,191.0,98.88